[
  {
    "key": "sb",
    "value": "NKqaZ5oQ995EkU3EBOXz_4on",
    "domain": "facebook.com",
    "path": "/",
    "hostOnly": false,
    "creation": "2025-02-07T10:57:00.742Z",
    "lastAccessed": "2025-02-07T17:38:42.980Z"
  },
  {
    "key": "ps_l",
    "value": "1",
    "domain": "facebook.com",
    "path": "/",
    "hostOnly": false,
    "creation": "2025-02-07T10:57:00.743Z",
    "lastAccessed": "2025-02-07T17:38:42.980Z"
  },
  {
    "key": "ps_n",
    "value": "1",
    "domain": "facebook.com",
    "path": "/",
    "hostOnly": false,
    "creation": "2025-02-07T10:57:00.743Z",
    "lastAccessed": "2025-02-07T17:38:42.980Z"
  },
  {
    "key": "dpr",
    "value": "3.2983407974243164",
    "domain": "facebook.com",
    "path": "/",
    "hostOnly": false,
    "creation": "2025-02-07T10:57:00.743Z",
    "lastAccessed": "2025-02-07T17:38:42.980Z"
  },
  {
    "key": "wl_cbv",
    "value": "v2%3Bclient_version%3A2731%3Btimestamp%3A1738531908",
    "domain": "facebook.com",
    "path": "/",
    "hostOnly": false,
    "creation": "2025-02-07T10:57:00.743Z",
    "lastAccessed": "2025-02-07T17:38:42.980Z"
  },
  {
    "key": "vpd",
    "value": "v1%3B692x360x3",
    "domain": "facebook.com",
    "path": "/",
    "hostOnly": false,
    "creation": "2025-02-07T10:57:00.744Z",
    "lastAccessed": "2025-02-07T17:38:42.980Z"
  },
  {
    "key": "locale",
    "value": "ar_AR",
    "domain": "facebook.com",
    "path": "/",
    "hostOnly": false,
    "creation": "2025-02-07T10:57:00.744Z",
    "lastAccessed": "2025-02-07T17:38:42.980Z"
  },
  {
    "key": "datr",
    "value": "BNejZxVgrpAUkKEjKvpWA0Go",
    "domain": "facebook.com",
    "path": "/",
    "hostOnly": false,
    "creation": "2025-02-07T10:57:00.744Z",
    "lastAccessed": "2025-02-07T17:38:42.980Z"
  },
  {
    "key": "wd",
    "value": "891x1713",
    "domain": "facebook.com",
    "path": "/",
    "hostOnly": false,
    "creation": "2025-02-07T10:57:00.744Z",
    "lastAccessed": "2025-02-07T17:38:42.980Z"
  },
  {
    "key": "c_user",
    "value": "100022684745986",
    "expires": "2026-02-07T16:54:12.000Z",
    "maxAge": 31536000,
    "domain": "facebook.com",
    "path": "/",
    "secure": true,
    "extensions": [
      "SameSite=None"
    ],
    "hostOnly": false,
    "creation": "2025-02-07T10:57:00.745Z",
    "lastAccessed": "2025-02-07T17:38:42.980Z"
  },
  {
    "key": "xs",
    "value": "49%3AIlYb4PKv8eEuag%3A2%3A1738874733%3A-1%3A1028%3A%3AAcVxfUZ4Rqt7mSSdRE-7wEl3WfIm7e5K-Vh2ejJ4l9s",
    "expires": "2026-02-07T16:54:12.000Z",
    "maxAge": 31536000,
    "domain": "facebook.com",
    "path": "/",
    "secure": true,
    "httpOnly": true,
    "extensions": [
      "SameSite=None"
    ],
    "hostOnly": false,
    "creation": "2025-02-07T10:57:00.749Z",
    "lastAccessed": "2025-02-07T17:38:42.980Z"
  },
  {
    "key": "i_user",
    "value": "61572443716065",
    "domain": "facebook.com",
    "path": "/",
    "hostOnly": false,
    "creation": "2025-02-07T10:57:00.749Z",
    "lastAccessed": "2025-02-07T17:38:42.980Z"
  },
  {
    "key": "fr",
    "value": "10JREzm4kEmXgLzvg.AWXj5CtZx1Xkp-DEFn87K-Y7YuP_A_U5rby-FQ.Bnpjq0..AAA.0.0.Bnpjq0.AWX-oGT0t9w",
    "expires": "2025-05-08T16:54:12.000Z",
    "maxAge": 7776000,
    "domain": "facebook.com",
    "path": "/",
    "secure": true,
    "httpOnly": true,
    "extensions": [
      "SameSite=None"
    ],
    "hostOnly": false,
    "creation": "2025-02-07T10:57:00.749Z",
    "lastAccessed": "2025-02-07T17:38:42.980Z"
  },
  {
    "key": "presence",
    "value": "C%7B%22t3%22%3A%5B%5D%2C%22utc3%22%3A1738875096948%2C%22v%22%3A1%7D",
    "domain": "facebook.com",
    "path": "/",
    "hostOnly": false,
    "creation": "2025-02-07T10:57:00.749Z",
    "lastAccessed": "2025-02-07T17:38:42.980Z"
  }
]